<?xml version="1.0" encoding="ISO-8859-15"?>
<uc-export clientvers="11.2.0-dev+main.build.2327">
<FolderStruct>
<includeExternalObjects>0</includeExternalObjects>
<FOLD name="PCK.AUTOMIC_PUPPET_PUPPET" title="">
<FOLD name="VARIABLES" title="">
<VARA id="1137179" link="0" name="PCK.AUTOMIC_PUPPET_PUPPET.PRV.VARA.PACKAGE_PARAMETERS"/>
</FOLD>
</FOLD>
</FolderStruct>
<VARA OVD_VRName="FREI" data_type="STATIC" name="PCK.AUTOMIC_PUPPET_PUPPET.PRV.VARA.PACKAGE_PARAMETERS" replacementmode="2">
<HEADER state="1">
<Title>Stores parameters for PCK.AUTOMIC_PUPPET_PUPPET</Title>
<ArchiveKey1/>
<ArchiveKey2/>
<OH_SubType>STATIC</OH_SubType>
</HEADER>
<ATTR_VARA state="1">
<Type>C|Text</Type>
<lblSource>Static</lblSource>
<source>STATIC</source>
<VRName>FREI|Freely selected</VRName>
<NotFoundErr>0</NotFoundErr>
<NotFoundDef>1</NotFoundDef>
<ShareN>0</ShareN>
<ShareL>0</ShareL>
<ShareR>0</ShareR>
<MaxValue_C>1024</MaxValue_C>
<CheckMax_C>0</CheckMax_C>
<uppercase>0</uppercase>
<sortColumn>0</sortColumn>
<sortDirection>0</sortDirection>
</ATTR_VARA>
<VARA state="1">
<Variables>
<row Name="CONNECTION_TIMEOUT" Value="30000" Value1="" Value2="" Value3="" Value4=""/>
<row Name="READ_TIMEOUT" Value="60000" Value1="" Value2="" Value3="" Value4=""/>
</Variables>
</VARA>
<DOCU_Docu state="1" type="text">
<DOC/>
</DOCU_Docu>
</VARA>
</uc-export>